time,VN001,Vo,ID1,IL1
0.000000000000000e+00,-4.393340e+00,2.536440e-01,2.536440e-01
8.111429171571427e-10,-4.393331e+00,2.536272e-01,2.536272e-01
8.500496157665127e-10,-1.542576e+00,-5.855836e+01,2.536265e-01
8.776893216117659e-10,8.630300e-01,-1.494647e+02,2.536264e-01
9.063767052435584e-10,3.354439e+00,-1.999595e+02,2.536267e-01
9.158776770844257e-10,3.359551e+00,-1.914906e+02,2.536269e-01
9.326463332095386e-10,3.815696e+00,-1.095351e+02,2.536271e-01
9.363906523004312e-10,5.006474e+00,-5.196868e+01,2.536272e-01
9.390275508124740e-10,5.265713e+00,-1.252012e+01,2.536273e-01
9.406938674197396e-10,5.316276e+00,-4.815881e+00,2.536273e-01
9.427738839173222e-10,5.342519e+00,-1.903242e+00,2.536274e-01
9.456662336884691e-10,5.353660e+00,-5.604500e-01,2.536274e-01
9.506643636365830e-10,5.356467e+00,-6.587970e-02,2.536275e-01
9.576615717880183e-10,5.356199e+00,4.984541e-03,2.536277e-01
9.715532070259797e-10,5.356280e+00,-7.024604e-04,2.536280e-01
9.993364775019026e-10,5.356231e+00,-1.752606e-03,2.536287e-01
1.000000000124165e-09,5.356236e+00,-1.611390e-03,2.536287e-01
1.001327045368691e-09,5.356242e+00,-1.009604e-03,2.536287e-01
1.003981135857743e-09,5.356249e+00,-4.143422e-04,2.536288e-01
1.009289316835846e-09,5.356252e+00,-6.102256e-05,2.536289e-01
1.019905678792052e-09,5.356251e+00,3.878052e-06,2.536292e-01
1.041138402704464e-09,5.356252e+00,-1.081237e-06,2.536297e-01
1.083603850529288e-09,5.356251e+00,1.909428e-07,2.536307e-01
1.168534746178937e-09,5.356251e+00,-2.769446e-07,2.536327e-01
1.338396537478234e-09,5.356250e+00,-7.536452e-08,2.536367e-01
1.678120120076829e-09,5.356249e+00,-1.690144e-07,2.536447e-01
2.357567285274018e-09,5.356247e+00,-1.291358e-07,2.536607e-01
3.357567285181343e-09,5.356245e+00,-1.387829e-07,2.536843e-01
9.943575671933404e-07,5.353219e+00,-1.387353e-07,2.770282e-01
2.018357567098441e-06,5.349514e+00,-1.387735e-07,3.010621e-01
3.042357567003542e-06,5.345223e+00,-1.388129e-07,3.250048e-01
4.066357566908643e-06,5.340353e+00,-1.388532e-07,3.488539e-01
4.188928995468713e-06,5.339731e+00,-1.388581e-07,3.517022e-01
4.311500424028781e-06,5.339102e+00,-1.388630e-07,3.545492e-01
4.434071852588851e-06,5.338464e+00,-1.388679e-07,3.573947e-01
4.556643281148920e-06,5.337817e+00,-1.388729e-07,3.602389e-01
4.679214709708989e-06,5.337163e+00,-1.388778e-07,3.630816e-01
4.801786138269059e-06,5.336500e+00,-1.388828e-07,3.659230e-01
4.924357566829128e-06,5.335828e+00,-1.388878e-07,3.687630e-01
5.090357566813744e-06,5.334907e+00,-1.388945e-07,3.726070e-01
6.114357566718845e-06,5.328889e+00,-1.389369e-07,3.962616e-01
7.138357566623945e-06,5.322305e+00,-1.389803e-07,4.198155e-01
8.162357566529046e-06,5.315159e+00,-1.390246e-07,4.432664e-01
9.186357566434147e-06,5.307456e+00,-1.390700e-07,4.666119e-01
9.675000000000222e-06,5.303585e+00,-1.390919e-07,4.777144e-01
9.675600000000209e-06,5.303581e+00,-1.390918e-07,4.777280e-01
9.675784350169671e-06,5.034603e+00,1.100884e-01,4.777321e-01
9.676000000000129e-06,4.141116e+00,4.777365e-01,4.777365e-01
9.676064694949396e-06,3.493117e+00,4.777375e-01,4.777375e-01
9.676150954881536e-06,2.677587e+00,4.777384e-01,4.777384e-01
9.676323474745816e-06,1.211231e+00,4.777393e-01,4.777393e-01
9.676668514474593e-06,-1.029182e+00,4.777377e-01,4.777377e-01
9.677358593932145e-06,-3.465150e+00,4.777282e-01,4.777282e-01
9.678150451743021e-06,-4.272264e+00,4.777129e-01,4.777129e-01
9.680707253120844e-06,-4.366522e+00,4.776590e-01,4.776590e-01
9.694127446207646e-06,-4.405925e+00,4.773701e-01,4.773701e-01
9.707547639294448e-06,-4.437532e+00,4.770806e-01,4.770806e-01
9.720967832381249e-06,-4.461343e+00,4.767905e-01,4.767905e-01
9.734388025468051e-06,-4.477357e+00,4.764997e-01,4.764998e-01
9.747808218554853e-06,-4.485576e+00,4.762084e-01,4.762084e-01
9.761228411641655e-06,-4.485999e+00,4.759164e-01,4.759164e-01
9.774648604728457e-06,-4.478626e+00,4.756238e-01,4.756238e-01
1.020064860468898e-05,-4.482152e+00,4.663508e-01,4.663508e-01
1.122464860459408e-05,-4.475996e+00,4.441252e-01,4.441252e-01
1.224864860449918e-05,-4.469187e+00,4.219969e-01,4.219969e-01
1.327264860440428e-05,-4.461718e+00,3.999686e-01,3.999686e-01
1.429664860430938e-05,-4.453580e+00,3.780431e-01,3.780431e-01
1.437722003287334e-05,-4.452911e+00,3.763224e-01,3.763224e-01
1.445779146143730e-05,-4.452237e+00,3.746023e-01,3.746023e-01
1.453836289000127e-05,-4.451560e+00,3.728829e-01,3.728829e-01
1.461893431856523e-05,-4.450878e+00,3.711642e-01,3.711642e-01
1.469950574712919e-05,-4.450192e+00,3.694461e-01,3.694461e-01
1.478007717569315e-05,-4.449502e+00,3.677287e-01,3.677287e-01
1.486064860425711e-05,-4.448808e+00,3.660119e-01,3.660119e-01
1.532064860421448e-05,-4.444762e+00,3.562233e-01,3.562233e-01
1.634464860411958e-05,-4.435250e+00,3.345119e-01,3.345119e-01
1.736864860402468e-05,-4.425028e+00,3.129120e-01,3.129120e-01
1.839264860392978e-05,-4.414073e+00,2.914265e-01,2.914265e-01
1.941664860383488e-05,-4.402359e+00,2.700586e-01,2.700587e-01
2.000000000000027e-05,-4.395333e+00,2.579396e-01,2.579396e-01
2.000079751113054e-05,-4.395323e+00,2.579231e-01,2.579231e-01
2.000083631507280e-05,-1.540844e+00,-5.863313e+01,2.579224e-01
2.000086380217632e-05,8.514547e-01,-1.492812e+02,2.579223e-01
2.000089256813274e-05,3.353038e+00,-2.000102e+02,2.579226e-01
2.000090212870708e-05,3.357988e+00,-1.929284e+02,2.579228e-01
2.000091911204867e-05,3.739265e+00,-1.143456e+02,2.579230e-01
2.000092294285869e-05,4.983165e+00,-5.401458e+01,2.579231e-01
2.000092550030774e-05,5.252837e+00,-1.380669e+01,2.579232e-01
2.000092715344934e-05,5.309617e+00,-5.473598e+00,2.579232e-01
2.000092921139104e-05,5.339338e+00,-2.179927e+00,2.579232e-01
2.000093201841541e-05,5.352013e+00,-6.577401e-01,2.579233e-01
2.000093675878995e-05,5.355430e+00,-8.566552e-02,2.579234e-01
2.000094335031003e-05,5.355206e+00,4.399235e-03,2.579236e-01
2.000095614143886e-05,5.355267e+00,-4.304353e-04,2.579239e-01
2.000097441774251e-05,5.355234e+00,1.464676e-04,2.579243e-01
2.000100000000018e-05,5.355255e+00,9.023407e-04,2.579249e-01
2.000100255822594e-05,5.355251e+00,4.984151e-04,2.579250e-01
2.000100767467748e-05,5.355246e+00,1.192806e-04,2.579251e-01
2.000101790758054e-05,5.355247e+00,-6.780414e-06,2.579254e-01
2.000103837338668e-05,5.355246e+00,1.368986e-06,2.579258e-01
2.000107930499894e-05,5.355247e+00,-6.587391e-07,2.579268e-01
2.000116116822348e-05,5.355246e+00,7.793324e-08,2.579287e-01
2.000132489467254e-05,5.355245e+00,-2.376304e-07,2.579326e-01
2.000165234757067e-05,5.355244e+00,-9.143431e-08,2.579403e-01
2.000230725336693e-05,5.355242e+00,-1.547312e-07,2.579558e-01
2.000330725336684e-05,5.355240e+00,-1.385812e-07,2.579793e-01
2.040930725332921e-05,5.354027e+00,-1.387174e-07,2.675459e-01
2.143330725323431e-05,5.350554e+00,-1.387593e-07,2.916127e-01
2.245730725313941e-05,5.346495e+00,-1.387982e-07,3.155893e-01
2.348130725304451e-05,5.341854e+00,-1.388381e-07,3.394733e-01
2.450530725294961e-05,5.336636e+00,-1.388791e-07,3.632622e-01
2.465145011007893e-05,5.335844e+00,-1.388850e-07,3.666494e-01
2.479759296720824e-05,5.335041e+00,-1.388910e-07,3.700347e-01
2.494373582433756e-05,5.334226e+00,-1.388969e-07,3.734179e-01
2.508987868146687e-05,5.333400e+00,-1.389029e-07,3.767991e-01
2.523602153859618e-05,5.332562e+00,-1.389089e-07,3.801783e-01
2.538216439572550e-05,5.331712e+00,-1.389150e-07,3.835554e-01
2.552830725285481e-05,5.330851e+00,-1.389210e-07,3.869306e-01
2.552930725285472e-05,5.330844e+00,-1.389211e-07,3.869537e-01
2.655330725275982e-05,5.324485e+00,-1.389640e-07,4.105453e-01
2.757730725266492e-05,5.317562e+00,-1.390080e-07,4.340349e-01
2.860130725257002e-05,5.310080e+00,-1.390529e-07,4.574199e-01
2.962530725247512e-05,5.302043e+00,-1.390988e-07,4.806983e-01
2.967500000000027e-05,5.301639e+00,-1.391011e-07,4.818252e-01
2.967560000000026e-05,5.301634e+00,-1.391018e-07,4.818388e-01
2.967578527309292e-05,5.030163e+00,1.115916e-01,4.818429e-01
2.967600000000018e-05,4.134257e+00,4.818473e-01,4.818473e-01
2.967606441807240e-05,3.483736e+00,4.818483e-01,4.818483e-01
2.967615030883522e-05,2.665256e+00,4.818492e-01,4.818492e-01
2.967632209036107e-05,1.194397e+00,4.818501e-01,4.818501e-01
2.967666565341278e-05,-1.047379e+00,4.818484e-01,4.818484e-01
2.967735277951597e-05,-3.506016e+00,4.818389e-01,4.818389e-01
2.967807158437471e-05,-4.270618e+00,4.818251e-01,4.818251e-01
2.968025420993546e-05,-4.362753e+00,4.817791e-01,4.817791e-01
2.969221667930347e-05,-4.403122e+00,4.815216e-01,4.815216e-01
2.970417914867147e-05,-4.435591e+00,4.812635e-01,4.812635e-01
2.971614161803947e-05,-4.460159e+00,4.810049e-01,4.810049e-01
2.972810408740748e-05,-4.476827e+00,4.807456e-01,4.807456e-01
2.974006655677548e-05,-4.485594e+00,4.804858e-01,4.804858e-01
2.975202902614348e-05,-4.486460e+00,4.802254e-01,4.802254e-01
2.976399149551149e-05,-4.479425e+00,4.799643e-01,4.799644e-01
3.063899149543040e-05,-4.482208e+00,4.609128e-01,4.609129e-01
3.166299149533550e-05,-4.475886e+00,4.387038e-01,4.387038e-01
3.268699149524060e-05,-4.468910e+00,4.165927e-01,4.165928e-01
3.371099149514570e-05,-4.461271e+00,3.945825e-01,3.945825e-01
3.473499149505080e-05,-4.452961e+00,3.726757e-01,3.726757e-01
3.488113435218011e-05,-4.451720e+00,3.695578e-01,3.695579e-01
3.502727720930942e-05,-4.450464e+00,3.664421e-01,3.664422e-01
3.517342006643874e-05,-4.449195e+00,3.633286e-01,3.633287e-01
3.531956292356806e-05,-4.447911e+00,3.602173e-01,3.602174e-01
3.546570578069737e-05,-4.446614e+00,3.571082e-01,3.571083e-01
3.561184863782668e-05,-4.445302e+00,3.540013e-01,3.540013e-01
3.575799149495599e-05,-4.443976e+00,3.508966e-01,3.508966e-01
3.575899149495590e-05,-4.443968e+00,3.508754e-01,3.508754e-01
3.678299149486100e-05,-4.434276e+00,3.291843e-01,3.291843e-01
3.780699149476610e-05,-4.423869e+00,3.076054e-01,3.076054e-01
3.883099149467120e-05,-4.412723e+00,2.861418e-01,2.861418e-01
3.985499149457630e-05,-4.400809e+00,2.647966e-01,2.647966e-01
4.000000000000032e-05,-4.399057e+00,2.617837e-01,2.617837e-01
4.000085453196960e-05,-4.399048e+00,2.617660e-01,2.617660e-01
4.000088188137294e-05,-1.606118e+00,-5.738421e+01,2.617655e-01
4.000090228867552e-05,8.677158e-01,-1.498648e+02,2.617655e-01
4.000092329466153e-05,3.346539e+00,-2.004947e+02,2.617657e-01
4.000094698791874e-05,3.359847e+00,-1.988440e+02,2.617660e-01
4.000095399565471e-05,3.373601e+00,-1.834045e+02,2.617661e-01
4.000095829967453e-05,3.846901e+00,-1.332221e+02,2.617662e-01
4.000096040538879e-05,4.593009e+00,-8.271330e+01,2.617663e-01
4.000096236246803e-05,5.023686e+00,-3.801964e+01,2.617663e-01
4.000096405176387e-05,5.203132e+00,-1.756106e+01,2.617663e-01
4.000096597884064e-05,5.294928e+00,-7.224767e+00,2.617664e-01
4.000096806288972e-05,5.332628e+00,-2.752144e+00,2.617664e-01
4.000097105832955e-05,5.348991e+00,-7.321560e-01,2.617665e-01
4.000097496172279e-05,5.352257e+00,-1.122855e-01,2.617666e-01
4.000098141517102e-05,5.352422e+00,-3.089208e-03,2.617667e-01
4.000099219265258e-05,5.352381e+00,8.382144e-05,2.617670e-01
4.000100000000001e-05,5.352397e+00,3.695069e-04,2.617672e-01
4.000100215549628e-05,5.352396e+00,2.143047e-04,2.617672e-01
4.000100646648903e-05,5.352394e+00,6.009633e-05,2.617673e-01
4.000101508847432e-05,5.352394e+00,-4.851089e-07,2.617675e-01
4.000103233244489e-05,5.352394e+00,-7.306116e-08,2.617679e-01
4.000106682038604e-05,5.352393e+00,-1.597701e-07,2.617687e-01
4.000113579626834e-05,5.352393e+00,-1.302458e-07,2.617704e-01
4.000127374803315e-05,5.352393e+00,-1.425202e-07,2.617736e-01
4.000154965156278e-05,5.352392e+00,-1.369154e-07,2.617801e-01
4.000210145862181e-05,5.352391e+00,-1.395046e-07,2.617931e-01
4.084510145854368e-05,5.349698e+00,-1.387482e-07,2.816207e-01
4.186910145844878e-05,5.345890e+00,-1.387866e-07,3.056241e-01
4.289310145835388e-05,5.341501e+00,-1.388261e-07,3.295360e-01
4.391710145825898e-05,5.336531e+00,-1.388666e-07,3.533539e-01
4.406324431538830e-05,5.335774e+00,-1.388724e-07,3.567453e-01
4.420938717251761e-05,5.335006e+00,-1.388783e-07,3.601348e-01
4.435553002964692e-05,5.334227e+00,-1.388842e-07,3.635222e-01
4.450167288677624e-05,5.333435e+00,-1.388901e-07,3.669077e-01
4.464781574390555e-05,5.332633e+00,-1.388961e-07,3.702912e-01
4.479395860103486e-05,5.331818e+00,-1.389020e-07,3.736727e-01
4.494010145816418e-05,5.330992e+00,-1.389080e-07,3.770522e-01
4.494110145816408e-05,5.330986e+00,-1.389081e-07,3.770753e-01
4.596510145806918e-05,5.324872e+00,-1.389506e-07,4.006981e-01
4.698910145797429e-05,5.318193e+00,-1.389941e-07,4.242197e-01
4.801310145787939e-05,5.310952e+00,-1.390386e-07,4.476379e-01
4.903710145778449e-05,5.303156e+00,-1.390841e-07,4.709505e-01
4.967500000000011e-05,5.298020e+00,-1.391129e-07,4.854185e-01
4.967560000000010e-05,5.298015e+00,-1.391127e-07,4.854321e-01
4.967578607022725e-05,5.024374e+00,1.129074e-01,4.854362e-01
4.967600000000002e-05,4.126363e+00,4.854406e-01,4.854406e-01
4.967606417893172e-05,3.473648e+00,4.854416e-01,4.854416e-01
4.967614975084087e-05,2.652602e+00,4.854425e-01,4.854425e-01
4.967632089465917e-05,1.177835e+00,4.854433e-01,4.854433e-01
4.967666318229555e-05,-1.065104e+00,4.854417e-01,4.854417e-01
4.967734775756833e-05,-3.527366e+00,4.854322e-01,4.854322e-01
4.967803958514879e-05,-4.273908e+00,4.854189e-01,4.854189e-01
4.968033223471183e-05,-4.368282e+00,4.853704e-01,4.853705e-01
4.969244740176363e-05,-4.408295e+00,4.851093e-01,4.851093e-01
4.970456256881544e-05,-4.440469e+00,4.848475e-01,4.848475e-01
4.971667773586724e-05,-4.464805e+00,4.845852e-01,4.845852e-01
4.972879290291904e-05,-4.481302e+00,4.843222e-01,4.843222e-01
4.974090806997084e-05,-4.489962e+00,4.840587e-01,4.840587e-01
4.975302323702265e-05,-4.490783e+00,4.837946e-01,4.837946e-01
4.976513840407445e-05,-4.483766e+00,4.835298e-01,4.835299e-01
5.005113840404795e-05,-4.489670e+00,4.772878e-01,4.772878e-01
5.107513840395305e-05,-4.483822e+00,4.549935e-01,4.549935e-01
5.209913840385815e-05,-4.477313e+00,4.327953e-01,4.327953e-01
5.312313840376325e-05,-4.470146e+00,4.106959e-01,4.106959e-01
5.414713840366835e-05,-4.462315e+00,3.886981e-01,3.886981e-01
5.429328126079766e-05,-4.461142e+00,3.855671e-01,3.855671e-01
5.443942411792697e-05,-4.459955e+00,3.824382e-01,3.824382e-01
5.458556697505629e-05,-4.458755e+00,3.793114e-01,3.793115e-01
5.473170983218561e-05,-4.457541e+00,3.761869e-01,3.761869e-01
5.487785268931492e-05,-4.456313e+00,3.730644e-01,3.730645e-01
5.502399554644423e-05,-4.455072e+00,3.699442e-01,3.699442e-01
5.517013840357354e-05,-4.453816e+00,3.668261e-01,3.668261e-01
5.517113840357345e-05,-4.453808e+00,3.668047e-01,3.668047e-01
5.619513840347855e-05,-4.444613e+00,3.450187e-01,3.450187e-01
5.721913840338365e-05,-4.434716e+00,3.233427e-01,3.233427e-01
5.824313840328875e-05,-4.424098e+00,3.017800e-01,3.017800e-01
5.926713840319385e-05,-4.412732e+00,2.803334e-01,2.803334e-01
6.000000000000016e-05,-4.404122e+00,2.650575e-01,2.650576e-01
6.000083856755323e-05,-4.404112e+00,2.650401e-01,2.650401e-01
6.000088363175126e-05,-1.321648e+00,-6.333701e+01,2.650393e-01
6.000090987160422e-05,6.761823e-01,-1.458584e+02,2.650392e-01
6.000094138412467e-05,3.347987e+00,-1.998024e+02,2.650396e-01
6.000095037750775e-05,3.354611e+00,-1.943401e+02,2.650397e-01
6.000096233373369e-05,3.593652e+00,-1.298004e+02,2.650399e-01
6.000096610910021e-05,4.869617e+00,-6.147207e+01,2.650400e-01
6.000096829196890e-05,5.177000e+00,-2.109125e+01,2.650400e-01
6.000096996729891e-05,5.271917e+00,-9.074205e+00,2.650401e-01
6.000097193503934e-05,5.319852e+00,-3.706123e+00,2.650401e-01
6.000097445618387e-05,5.340869e+00,-1.215260e+00,2.650402e-01
6.000097825606767e-05,5.347675e+00,-2.279666e-01,2.650402e-01
6.000098355591244e-05,5.348107e+00,-1.044986e-02,2.650404e-01
6.000099281951252e-05,5.348047e+00,2.562283e-04,2.650406e-01
6.000100000000006e-05,5.348067e+00,4.187762e-04,2.650408e-01
6.000100185272008e-05,5.348065e+00,2.535881e-04,2.650408e-01
6.000100555816012e-05,5.348063e+00,8.097780e-05,2.650409e-01
6.000101296904019e-05,5.348063e+00,3.131269e-06,2.650411e-01
6.000102779080032e-05,5.348063e+00,-6.415067e-07,2.650414e-01
6.000105743432082e-05,5.348063e+00,1.034804e-08,2.650421e-01
6.000111672136181e-05,5.348063e+00,-1.965829e-07,2.650435e-01
6.000123529544378e-05,5.348063e+00,-1.132163e-07,2.650463e-01
6.000147244360774e-05,5.348062e+00,-1.507134e-07,2.650519e-01
6.000194673993564e-05,5.348061e+00,-1.329228e-07,2.650630e-01
6.000289533259146e-05,5.348057e+00,-1.390463e-07,2.650853e-01
6.026489533256718e-05,5.347247e+00,-1.387422e-07,2.712463e-01
6.128889533247228e-05,5.343707e+00,-1.387776e-07,2.952703e-01
6.231289533237738e-05,5.339582e+00,-1.388166e-07,3.192039e-01
6.333689533228248e-05,5.334877e+00,-1.388566e-07,3.430447e-01
6.348303818941180e-05,5.334158e+00,-1.388624e-07,3.464395e-01
6.362918104654110e-05,5.333428e+00,-1.388682e-07,3.498324e-01
6.377532390367042e-05,5.332686e+00,-1.388740e-07,3.532232e-01
6.392146676079973e-05,5.331932e+00,-1.388799e-07,3.566122e-01
6.406760961792905e-05,5.331167e+00,-1.388858e-07,3.599991e-01
6.421375247505835e-05,5.330390e+00,-1.388917e-07,3.633841e-01
6.435989533218767e-05,5.329601e+00,-1.388976e-07,3.667671e-01
6.436089533218758e-05,5.329596e+00,-1.388976e-07,3.667902e-01
6.450703818931690e-05,5.328796e+00,-1.389036e-07,3.701713e-01
6.465318104644621e-05,5.327983e+00,-1.389095e-07,3.735503e-01
6.479932390357552e-05,5.327160e+00,-1.389155e-07,3.769273e-01
6.494546676070483e-05,5.326325e+00,-1.389215e-07,3.803023e-01
6.509160961783415e-05,5.325478e+00,-1.389275e-07,3.836752e-01
6.523775247496346e-05,5.324619e+00,-1.389335e-07,3.870462e-01
6.538389533209277e-05,5.323749e+00,-1.389396e-07,3.904151e-01
6.538489533209268e-05,5.323743e+00,-1.389397e-07,3.904382e-01
6.640889533199778e-05,5.317323e+00,-1.389827e-07,4.139862e-01
6.743289533190288e-05,5.310341e+00,-1.390267e-07,4.374319e-01
6.845689533180798e-05,5.302800e+00,-1.390717e-07,4.607730e-01
6.948089533171308e-05,5.294708e+00,-1.391176e-07,4.840073e-01
6.967500000000016e-05,5.293112e+00,-1.391265e-07,4.883992e-01
6.967562800983050e-05,5.293107e+00,-1.391309e-07,4.884134e-01
6.967578092716229e-05,5.208132e+00,2.010117e-01,4.884169e-01
6.967581378874467e-05,5.041284e+00,3.256119e-01,4.884176e-01
6.967587951190943e-05,4.382410e+00,4.884189e-01,4.884189e-01
6.967593053566084e-05,3.846754e+00,4.884198e-01,4.884198e-01
6.967600000000007e-05,3.137715e+00,4.884208e-01,4.884208e-01
6.967604862503744e-05,2.665572e+00,4.884214e-01,4.884214e-01
6.967610419650891e-05,2.148365e+00,4.884218e-01,4.884219e-01
6.967621533945163e-05,1.184821e+00,4.884223e-01,4.884223e-01
6.967643762533708e-05,-4.608889e-01,4.884218e-01,4.884218e-01
6.967688219710819e-05,-2.807724e+00,4.884171e-01,4.884171e-01
6.967734194832207e-05,-4.001307e+00,4.884093e-01,4.884093e-01
6.967776406306388e-05,-4.272021e+00,4.884007e-01,4.884007e-01
6.968016869229703e-05,-4.366258e+00,4.883499e-01,4.883499e-01
6.969031154943895e-05,-4.406890e+00,4.881312e-01,4.881312e-01
6.970045440658086e-05,-4.439682e+00,4.879120e-01,4.879120e-01
6.971059726372278e-05,-4.464634e+00,4.876923e-01,4.876923e-01
6.972074012086469e-05,-4.481745e+00,4.874721e-01,4.874721e-01
6.973088297800661e-05,-4.491016e+00,4.872513e-01,4.872513e-01
6.974102583514852e-05,-4.492446e+00,4.870300e-01,4.870300e-01
6.975116869229045e-05,-4.486035e+00,4.868082e-01,4.868082e-01
7.048616869222233e-05,-4.492631e+00,4.707544e-01,4.707544e-01
7.151016869212743e-05,-4.486563e+00,4.484666e-01,4.484666e-01
7.253416869203253e-05,-4.479841e+00,4.262758e-01,4.262758e-01
7.355816869193763e-05,-4.472459e+00,4.041849e-01,4.041849e-01
7.458216869184273e-05,-4.464409e+00,3.821965e-01,3.821966e-01
7.470316869183152e-05,-4.463413e+00,3.796052e-01,3.796052e-01
7.482416869182031e-05,-4.462407e+00,3.770154e-01,3.770154e-01
7.494516869180909e-05,-4.461392e+00,3.744270e-01,3.744270e-01
7.506616869179788e-05,-4.460368e+00,3.718401e-01,3.718402e-01
7.518716869178666e-05,-4.459334e+00,3.692548e-01,3.692548e-01
7.530816869177545e-05,-4.458290e+00,3.666709e-01,3.666709e-01
7.542916869176424e-05,-4.457237e+00,3.640885e-01,3.640885e-01
7.560616869174783e-05,-4.455679e+00,3.603136e-01,3.603136e-01
7.663016869165293e-05,-4.446257e+00,3.385390e-01,3.385390e-01
7.765416869155804e-05,-4.436126e+00,3.168755e-01,3.168755e-01
7.867816869146314e-05,-4.425265e+00,2.953263e-01,2.953263e-01
7.970216869136824e-05,-4.413649e+00,2.738944e-01,2.738944e-01
8.000000000000021e-05,-4.410123e+00,2.676834e-01,2.676834e-01
8.000083856754656e-05,-4.410113e+00,2.676659e-01,2.676659e-01
8.000088380232168e-05,-1.300912e+00,-6.388887e+01,2.676651e-01
8.000090953045008e-05,6.346073e-01,-1.451375e+02,2.676651e-01
8.000094135877499e-05,3.342323e+00,-1.998334e+02,2.676654e-01
8.000095039275884e-05,3.348806e+00,-1.914621e+02,2.676655e-01
8.000096379142275e-05,3.748855e+00,-1.137749e+02,2.676657e-01
8.000096804778797e-05,5.077276e+00,-4.575319e+01,2.676658e-01
8.000097067393879e-05,5.275248e+00,-9.434742e+00,2.676659e-01
8.000097234940953e-05,5.313136e+00,-3.563033e+00,2.676659e-01
8.000097441608362e-05,5.332447e+00,-1.442026e+00,2.676660e-01
8.000097772487024e-05,5.341394e+00,-3.775629e-01,2.676660e-01
8.000098320953787e-05,5.342807e+00,-3.060410e-02,2.676662e-01
8.000099148734252e-05,5.342593e+00,1.912121e-03,2.676664e-01
8.000100000000012e-05,5.342663e+00,1.745059e-03,2.676666e-01
8.000100163338213e-05,5.342656e+00,1.094863e-03,2.676666e-01
8.000100490014616e-05,5.342647e+00,3.866716e-04,2.676667e-01
8.000101143367422e-05,5.342645e+00,3.075703e-05,2.676668e-01
8.000102450073012e-05,5.342645e+00,-3.907724e-06,2.676671e-01
8.000105063484214e-05,5.342645e+00,8.961315e-07,2.676678e-01
8.000110290306618e-05,5.342645e+00,-5.265626e-07,2.676690e-01
8.000120743951425e-05,5.342644e+00,2.940411e-08,2.676714e-01
8.000141651241018e-05,5.342644e+00,-2.170571e-07,2.676764e-01
8.000183465820205e-05,5.342643e+00,-1.009514e-07,2.676862e-01
8.000267094978577e-05,5.342640e+00,-1.449379e-07,2.677058e-01
8.000367094978568e-05,5.342638e+00,-1.386152e-07,2.677293e-01
8.070067094972109e-05,5.340363e+00,-1.387702e-07,2.840841e-01
8.172467094962619e-05,5.336529e+00,-1.388083e-07,3.080366e-01
8.274867094953129e-05,5.332114e+00,-1.388478e-07,3.318976e-01
8.377267094943639e-05,5.327121e+00,-1.388882e-07,3.556646e-01
8.391881380656571e-05,5.326361e+00,-1.388941e-07,3.590488e-01
8.406495666369501e-05,5.325589e+00,-1.389000e-07,3.624310e-01
8.421109952082433e-05,5.324806e+00,-1.389059e-07,3.658112e-01
8.435724237795364e-05,5.324012e+00,-1.389118e-07,3.691895e-01
8.450338523508296e-05,5.323206e+00,-1.389177e-07,3.725657e-01
8.464952809221226e-05,5.322389e+00,-1.389237e-07,3.759400e-01
8.479567094934158e-05,5.321560e+00,-1.389297e-07,3.793123e-01
8.479667094934149e-05,5.321553e+00,-1.389297e-07,3.793353e-01
8.582067094924659e-05,5.315418e+00,-1.389722e-07,4.029073e-01
8.684467094915169e-05,5.308719e+00,-1.390157e-07,4.263783e-01
8.786867094905679e-05,5.301460e+00,-1.390602e-07,4.497460e-01
8.889267094896189e-05,5.293646e+00,-1.391056e-07,4.730080e-01
8.967500000000021e-05,5.287306e+00,-1.391410e-07,4.907074e-01
8.967519743066665e-05,5.287304e+00,-1.391454e-07,4.907119e-01
8.967546067155537e-05,5.241648e+00,2.339421e-01,4.907178e-01
8.967547351822289e-05,5.180795e+00,3.271455e-01,4.907181e-01
8.967549921155794e-05,4.912782e+00,4.907186e-01,4.907186e-01
8.967554265367655e-05,4.441018e+00,4.907195e-01,4.907195e-01
8.967558776604417e-05,3.965677e+00,4.907203e-01,4.907203e-01
8.967567799077918e-05,3.060404e+00,4.907215e-01,4.907215e-01
8.967581955053009e-05,1.740942e+00,4.907227e-01,4.907227e-01
8.967600000000012e-05,1.743155e-01,4.907234e-01,4.907234e-01
8.967605413484126e-05,-2.397909e-01,4.907233e-01,4.907233e-01
8.967612631462923e-05,-7.574177e-01,4.907230e-01,4.907230e-01
8.967627067420518e-05,-1.674141e+00,4.907218e-01,4.907218e-01
8.967655939335728e-05,-3.042427e+00,4.907178e-01,4.907178e-01
8.967694422023923e-05,-4.000073e+00,4.907110e-01,4.907110e-01
8.967731821368265e-05,-4.261980e+00,4.907034e-01,4.907034e-01
8.967943807016007e-05,-4.360597e+00,4.906586e-01,4.906586e-01
8.968743807015933e-05,-4.402378e+00,4.904863e-01,4.904863e-01
8.969543807015859e-05,-4.436249e+00,4.903135e-01,4.903135e-01
8.970343807015784e-05,-4.462208e+00,4.901403e-01,4.901403e-01
8.971143807015710e-05,-4.480257e+00,4.899666e-01,4.899666e-01
8.971943807015636e-05,-4.490394e+00,4.897924e-01,4.897924e-01
8.972743807015562e-05,-4.492620e+00,4.896178e-01,4.896179e-01
8.973543807015488e-05,-4.486935e+00,4.894428e-01,4.894428e-01
8.989943807013968e-05,-4.501592e+00,4.858531e-01,4.858531e-01
9.092343807004478e-05,-4.496280e+00,4.634756e-01,4.634756e-01
9.194743806994988e-05,-4.489975e+00,4.411934e-01,4.411934e-01
9.297143806985498e-05,-4.483013e+00,4.190093e-01,4.190093e-01
9.399543806976008e-05,-4.475389e+00,3.969261e-01,3.969261e-01
9.501943806966518e-05,-4.467091e+00,3.749467e-01,3.749467e-01
9.516558092679450e-05,-4.465851e+00,3.718184e-01,3.718184e-01
9.531172378392381e-05,-4.464597e+00,3.686924e-01,3.686924e-01
9.545786664105313e-05,-4.463330e+00,3.655685e-01,3.655685e-01
9.560400949818243e-05,-4.462048e+00,3.624469e-01,3.624469e-01
9.575015235531175e-05,-4.460752e+00,3.593274e-01,3.593274e-01
9.589629521244106e-05,-4.459442e+00,3.562101e-01,3.562101e-01
9.604243806957038e-05,-4.458117e+00,3.530951e-01,3.530951e-01
9.604343806957029e-05,-4.458109e+00,3.530738e-01,3.530738e-01
9.706743806947539e-05,-4.448428e+00,3.313103e-01,3.313103e-01
9.809143806938049e-05,-4.438032e+00,3.096592e-01,3.096592e-01
9.911543806928559e-05,-4.426896e+00,2.881235e-01,2.881236e-01
1.000000000000003e-04,-4.416660e+00,2.696158e-01,2.696158e-01
1.000008385675429e-04,-4.416650e+00,2.695982e-01,2.695983e-01
1.000008839274970e-04,-1.287663e+00,-6.429723e+01,2.695975e-01
1.000009092800920e-04,6.015906e-01,-1.446052e+02,2.695974e-01
1.000009413458767e-04,3.334036e+00,-2.000271e+02,2.695977e-01
1.000009511375210e-04,3.338909e+00,-1.936645e+02,2.695979e-01
1.000009683973708e-04,3.679097e+00,-1.165753e+02,2.695981e-01
1.000009723312028e-04,4.963791e+00,-5.427793e+01,2.695982e-01
1.000009748671235e-04,5.232432e+00,-1.395244e+01,2.695983e-01
1.000009765151889e-04,5.290009e+00,-5.574212e+00,2.695983e-01
1.000009785682523e-04,5.320262e+00,-2.226259e+00,2.695984e-01
1.000009813709563e-04,5.333215e+00,-6.723433e-01,2.695984e-01
1.000009860714327e-04,5.336709e+00,-8.861429e-02,2.695985e-01
1.000009926128739e-04,5.336497e+00,2.995106e-03,2.695987e-01
1.000010000000002e-04,5.336545e+00,1.019219e-03,2.695989e-01
1.000010012628511e-04,5.336541e+00,6.854440e-04,2.695989e-01
1.000010037885530e-04,5.336536e+00,2.905768e-04,2.695990e-01
1.000010088399565e-04,5.336535e+00,4.732995e-05,2.695991e-01
1.000010189427638e-04,5.336535e+00,-2.606307e-06,2.695993e-01
1.000010391483781e-04,5.336535e+00,4.147392e-07,2.695998e-01
1.000010795596067e-04,5.336534e+00,-3.287143e-07,2.696007e-01
1.000011603820641e-04,5.336534e+00,-5.981383e-08,2.696026e-01
1.000013220269790e-04,5.336534e+00,-1.747650e-07,2.696064e-01
1.000016453168086e-04,5.336533e+00,-1.215627e-07,2.696140e-01
1.000022918964678e-04,5.336531e+00,-1.447250e-07,2.696292e-01
1.000032918964677e-04,5.336527e+00,-1.387139e-07,2.696526e-01
1.001132918964575e-04,5.336184e+00,-1.387452e-07,2.722327e-01
1.011372918963626e-04,5.332661e+00,-1.388008e-07,2.962024e-01
1.021612918962677e-04,5.328554e+00,-1.388396e-07,3.200819e-01
1.031852918961728e-04,5.323868e+00,-1.388795e-07,3.438688e-01
1.033314347533021e-04,5.323152e+00,-1.388853e-07,3.472559e-01
1.034775776104314e-04,5.322425e+00,-1.388911e-07,3.506411e-01
1.036237204675608e-04,5.321686e+00,-1.388969e-07,3.540243e-01
1.037698633246901e-04,5.320935e+00,-1.389027e-07,3.574056e-01
1.039160061818194e-04,5.320172e+00,-1.389086e-07,3.607849e-01
1.040621490389487e-04,5.319398e+00,-1.389145e-07,3.641623e-01
1.042082918960780e-04,5.318613e+00,-1.389204e-07,3.675376e-01
1.042092918960779e-04,5.318607e+00,-1.389204e-07,3.675607e-01
1.043554347532072e-04,5.317810e+00,-1.389264e-07,3.709341e-01
1.045015776103365e-04,5.317000e+00,-1.389323e-07,3.743055e-01
1.046477204674659e-04,5.316180e+00,-1.389383e-07,3.776749e-01
1.047938633245952e-04,5.315348e+00,-1.389442e-07,3.810423e-01
1.049400061817245e-04,5.314504e+00,-1.389502e-07,3.844076e-01
1.050861490388538e-04,5.313649e+00,-1.389563e-07,3.877710e-01
1.052322918959831e-04,5.312782e+00,-1.389623e-07,3.911323e-01
1.052332918959830e-04,5.312776e+00,-1.389623e-07,3.911553e-01
1.062572918958881e-04,5.306379e+00,-1.390053e-07,4.146502e-01
1.072812918957932e-04,5.299421e+00,-1.390492e-07,4.380431e-01
1.083052918956983e-04,5.291906e+00,-1.390940e-07,4.613317e-01
1.093292918956034e-04,5.283839e+00,-1.391399e-07,4.845137e-01
1.096750000000003e-04,5.280992e+00,-1.391556e-07,4.923156e-01
1.096756000000003e-04,5.280987e+00,-1.391600e-07,4.923292e-01
1.096757875757750e-04,5.003201e+00,1.154382e-01,4.923333e-01
1.096760000000002e-04,4.101173e+00,4.923376e-01,4.923376e-01
1.096760637272678e-04,3.444274e+00,4.923385e-01,4.923385e-01
1.096761486969579e-04,2.618342e+00,4.923395e-01,4.923395e-01
1.096763186363380e-04,1.136146e+00,4.923403e-01,4.923403e-01
1.096766585150981e-04,-1.108957e+00,4.923386e-01,4.923386e-01
1.096773382726185e-04,-3.574581e+00,4.923290e-01,4.923290e-01
1.096779873417367e-04,-4.290666e+00,4.923165e-01,4.923165e-01
1.096805515840248e-04,-4.392179e+00,4.922620e-01,4.922620e-01
1.096939678054179e-04,-4.431220e+00,4.919711e-01,4.919711e-01
1.097073840268110e-04,-4.462537e+00,4.916796e-01,4.916796e-01
1.097208002482041e-04,-4.486130e+00,4.913875e-01,4.913875e-01
1.097342164695972e-04,-4.501998e+00,4.910947e-01,4.910947e-01
1.097476326909903e-04,-4.510142e+00,4.908014e-01,4.908014e-01
1.097610489123834e-04,-4.510562e+00,4.905074e-01,4.905074e-01
1.097744651337765e-04,-4.503258e+00,4.902128e-01,4.902128e-01
1.103434651337238e-04,-4.506111e+00,4.777420e-01,4.777420e-01
1.113674651336289e-04,-4.500195e+00,4.553700e-01,4.553701e-01
1.123914651335340e-04,-4.493625e+00,4.330947e-01,4.330947e-01
1.134154651334391e-04,-4.486395e+00,4.109188e-01,4.109188e-01
1.144394651333442e-04,-4.478498e+00,3.888450e-01,3.888450e-01
1.145856079904735e-04,-4.477316e+00,3.857031e-01,3.857031e-01
1.147317508476028e-04,-4.476120e+00,3.825635e-01,3.825634e-01
1.148778937047321e-04,-4.474910e+00,3.794259e-01,3.794259e-01
1.150240365618615e-04,-4.473687e+00,3.762906e-01,3.762906e-01
1.151701794189908e-04,-4.472449e+00,3.731574e-01,3.731574e-01
1.153163222761201e-04,-4.471197e+00,3.700264e-01,3.700264e-01
1.154624651332494e-04,-4.469932e+00,3.668975e-01,3.668976e-01
1.154634651332493e-04,-4.469923e+00,3.668761e-01,3.668761e-01
1.164874651331544e-04,-4.460658e+00,3.450151e-01,3.450151e-01
1.175114651330595e-04,-4.450687e+00,3.232648e-01,3.232648e-01
1.185354651329646e-04,-4.439992e+00,3.016282e-01,3.016282e-01
1.195594651328697e-04,-4.428546e+00,2.801084e-01,2.801084e-01
1.200000000000003e-04,-4.423384e+00,2.708871e-01,2.708871e-01
1.200008385675412e-04,-4.423373e+00,2.708696e-01,2.708696e-01
1.200008840097123e-04,-1.281316e+00,-6.456701e+01,2.708688e-01
1.200009091156579e-04,5.773034e-01,-1.442487e+02,2.708687e-01
1.200009413401318e-04,3.327494e+00,-2.000390e+02,2.708691e-01
1.200009511406021e-04,3.332323e+00,-1.940976e+02,2.708692e-01
1.200009684322319e-04,3.649516e+00,-1.180911e+02,2.708695e-01
1.200009723976473e-04,4.950412e+00,-5.488457e+01,2.708696e-01
1.200009749127476e-04,5.222354e+00,-1.435045e+01,2.708696e-01
1.200009765590013e-04,5.281865e+00,-5.773200e+00,2.708696e-01
1.200009786078249e-04,5.313173e+00,-2.308090e+00,2.708697e-01
1.200009813857976e-04,5.326567e+00,-7.019312e-01,2.708698e-01
1.200009860204381e-04,5.330251e+00,-9.507013e-02,2.708699e-01
1.200009924559016e-04,5.330057e+00,2.885690e-03,2.708700e-01
1.200010000000002e-04,5.330100e+00,9.350848e-04,2.708702e-01
1.200010012358339e-04,5.330096e+00,6.324160e-04,2.708702e-01
1.200010037075015e-04,5.330091e+00,2.719063e-04,2.708703e-01
1.200010086508366e-04,5.330090e+00,4.622143e-05,2.708704e-01
1.200010185375068e-04,5.330090e+00,-2.262313e-06,2.708706e-01
1.200010383108471e-04,5.330090e+00,3.278529e-07,2.708711e-01
1.200010778575279e-04,5.330090e+00,-2.975446e-07,2.708720e-01
1.200011569508896e-04,5.330090e+00,-7.305827e-08,2.708739e-01
1.200013151376126e-04,5.330089e+00,-1.686850e-07,2.708776e-01
1.200016315110589e-04,5.330088e+00,-1.245022e-07,2.708850e-01
1.200022642579516e-04,5.330086e+00,-1.439132e-07,2.708998e-01
1.200032642579515e-04,5.330083e+00,-1.387367e-07,2.709232e-01
1.205572642579002e-04,5.328279e+00,-1.387933e-07,2.838891e-01
1.215812642578053e-04,5.324496e+00,-1.388319e-07,3.077861e-01
1.226052642577104e-04,5.320131e+00,-1.388712e-07,3.315921e-01
1.236292642576155e-04,5.315189e+00,-1.389115e-07,3.553045e-01
1.237754071147448e-04,5.314437e+00,-1.389173e-07,3.586809e-01
1.239215499718741e-04,5.313674e+00,-1.389231e-07,3.620554e-01
1.240676928290034e-04,5.312899e+00,-1.389290e-07,3.654278e-01
1.242138356861327e-04,5.312112e+00,-1.389349e-07,3.687983e-01
1.243599785432620e-04,5.311314e+00,-1.389408e-07,3.721668e-01
1.245061214003913e-04,5.310504e+00,-1.389468e-07,3.755334e-01
1.246522642575206e-04,5.309682e+00,-1.389527e-07,3.788979e-01
1.246532642575206e-04,5.309676e+00,-1.389528e-07,3.789209e-01
1.256772642574257e-04,5.303595e+00,-1.389951e-07,4.024391e-01
1.267012642573308e-04,5.296952e+00,-1.390384e-07,4.258567e-01
1.277252642572359e-04,5.289749e+00,-1.390827e-07,4.491713e-01
1.287492642571410e-04,5.281993e+00,-1.391279e-07,4.723808e-01
1.296750000000003e-04,5.274509e+00,-1.391697e-07,4.932706e-01
1.296756000000003e-04,5.274504e+00,-1.391745e-07,4.932842e-01
1.296757877817490e-04,4.996146e+00,1.157891e-01,4.932882e-01
1.296760000000002e-04,4.093565e+00,4.932926e-01,4.932926e-01
1.296760636654755e-04,3.436089e+00,4.932935e-01,4.932935e-01
1.296761485527760e-04,2.609484e+00,4.932944e-01,4.932944e-01
1.296763183273771e-04,1.126266e+00,4.932952e-01,4.932952e-01
1.296766578765790e-04,-1.119129e+00,4.932935e-01,4.932935e-01
1.296773369749828e-04,-3.584903e+00,4.932840e-01,4.932840e-01
1.296779808835572e-04,-4.297143e+00,4.932715e-01,4.932715e-01
1.296805774556220e-04,-4.399820e+00,4.932162e-01,4.932162e-01
1.296922800291989e-04,-4.436767e+00,4.929623e-01,4.929623e-01
1.297039826027757e-04,-4.466550e+00,4.927078e-01,4.927078e-01
1.297156851763526e-04,-4.489169e+00,4.924528e-01,4.924528e-01
1.297273877499294e-04,-4.504623e+00,4.921972e-01,4.921972e-01
1.297390903235063e-04,-4.512913e+00,4.919410e-01,4.919410e-01
1.297507928970832e-04,-4.514038e+00,4.916844e-01,4.916844e-01
1.297624954706600e-04,-4.507999e+00,4.914271e-01,4.914272e-01
1.297634954706599e-04,-4.508182e+00,4.914052e-01,4.914052e-01
1.307874954705650e-04,-4.510236e+00,4.689477e-01,4.689477e-01
1.318114954704701e-04,-4.504035e+00,4.465838e-01,4.465838e-01
1.328354954703752e-04,-4.497178e+00,4.243179e-01,4.243179e-01
1.338594954702803e-04,-4.489658e+00,4.021526e-01,4.021526e-01
1.348834954701854e-04,-4.481465e+00,3.800908e-01,3.800908e-01
1.350296383273147e-04,-4.480241e+00,3.769508e-01,3.769508e-01
1.351757811844441e-04,-4.479002e+00,3.738129e-01,3.738130e-01
1.353219240415734e-04,-4.477749e+00,3.706773e-01,3.706773e-01
1.354680668987027e-04,-4.476482e+00,3.675439e-01,3.675439e-01
1.356142097558320e-04,-4.475202e+00,3.644126e-01,3.644126e-01
1.357603526129613e-04,-4.473907e+00,3.612836e-01,3.612836e-01
1.359064954700906e-04,-4.472598e+00,3.581567e-01,3.581567e-01
1.359074954700905e-04,-4.472589e+00,3.581353e-01,3.581353e-01
1.369314954699956e-04,-4.463017e+00,3.362890e-01,3.362890e-01
1.379554954699007e-04,-4.452729e+00,3.145548e-01,3.145548e-01
1.389794954698058e-04,-4.441706e+00,2.929358e-01,2.929358e-01
1.400000000000004e-04,-4.429961e+00,2.715083e-01,2.715083e-01
1.400006000000001e-04,-4.429954e+00,2.714957e-01,2.714958e-01
1.400008385675413e-04,-4.429951e+00,2.714908e-01,2.714908e-01
1.400008840498762e-04,-1.281486e+00,-6.469926e+01,2.714899e-01
1.400009090353300e-04,5.620952e-01,-1.440735e+02,2.714899e-01
1.400009413381309e-04,3.321005e+00,-2.000448e+02,2.714902e-01
1.400009511429395e-04,3.325813e+00,-1.943073e+02,2.714904e-01
1.400009684499725e-04,3.631864e+00,-1.188308e+02,2.714906e-01
1.400009724307658e-04,4.940474e+00,-5.518576e+01,2.714907e-01
1.400009749359676e-04,5.214096e+00,-1.455011e+01,2.714908e-01
1.400009765815571e-04,5.274579e+00,-5.872342e+00,2.714908e-01
1.400009786285631e-04,5.306413e+00,-2.348557e+00,2.714908e-01
1.400009813943399e-04,5.320022e+00,-7.166953e-01,2.714909e-01
1.400009859976415e-04,5.323802e+00,-9.834940e-02,2.714910e-01
1.400009923822421e-04,5.323618e+00,2.808949e-03,2.714912e-01
1.400010000000001e-04,5.323658e+00,8.882625e-04,2.714913e-01
1.400010012230900e-04,5.323654e+00,6.023659e-04,2.714914e-01
1.400010036692698e-04,5.323650e+00,2.607257e-04,2.714914e-01
1.400010085616295e-04,5.323648e+00,4.520905e-05,2.714916e-01
1.400010183463490e-04,5.323648e+00,-2.080998e-06,2.714918e-01
1.400010379157878e-04,5.323648e+00,2.837019e-07,2.714922e-01
1.400010770546654e-04,5.323648e+00,-2.819386e-07,2.714931e-01
1.400011553324208e-04,5.323648e+00,-7.965497e-08,2.714950e-01
1.400013118879313e-04,5.323647e+00,-1.656757e-07,2.714987e-01
1.400016249989524e-04,5.323647e+00,-1.259643e-07,2.715060e-01
1.400022512209947e-04,5.323645e+00,-1.434849e-07,2.715206e-01
1.400032512209946e-04,5.323642e+00,-1.387544e-07,2.715440e-01
1.410012512209021e-04,5.320277e+00,-1.388236e-07,2.948515e-01
1.420252512208072e-04,5.316250e+00,-1.388623e-07,3.186777e-01
1.430492512207123e-04,5.311645e+00,-1.389019e-07,3.424119e-01
1.440732512206174e-04,5.306466e+00,-1.389426e-07,3.660516e-01
1.442193940777467e-04,5.305680e+00,-1.389485e-07,3.694176e-01
1.443655369348761e-04,5.304882e+00,-1.389544e-07,3.727816e-01
1.445116797920054e-04,5.304073e+00,-1.389603e-07,3.761436e-01
1.446578226491347e-04,5.303253e+00,-1.389663e-07,3.795035e-01
1.448039655062640e-04,5.302421e+00,-1.389723e-07,3.828615e-01
1.449501083633933e-04,5.301578e+00,-1.389782e-07,3.862175e-01
1.450962512205226e-04,5.300723e+00,-1.389843e-07,3.895715e-01
1.450972512205225e-04,5.300717e+00,-1.389843e-07,3.895945e-01
1.461212512204276e-04,5.294403e+00,-1.390270e-07,4.130383e-01
1.471452512203327e-04,5.287529e+00,-1.390707e-07,4.363806e-01
1.481692512202378e-04,5.280101e+00,-1.391153e-07,4.596191e-01
1.491932512201429e-04,5.272120e+00,-1.391609e-07,4.827516e-01
1.496750000000002e-04,5.268176e+00,-1.391827e-07,4.935972e-01
1.496756000000001e-04,5.268171e+00,-1.391891e-07,4.936107e-01
1.496757878520394e-04,4.989619e+00,1.159091e-01,4.936148e-01
1.496760000000001e-04,4.086848e+00,4.936191e-01,4.936191e-01
1.496760636443882e-04,3.429175e+00,4.936201e-01,4.936201e-01
1.496761485035726e-04,2.602341e+00,4.936210e-01,4.936210e-01
1.496763182219410e-04,1.118774e+00,4.936217e-01,4.936217e-01
1.496766576586780e-04,-1.126720e+00,4.936200e-01,4.936200e-01
1.496773365321522e-04,-3.592529e+00,4.936104e-01,4.936105e-01
1.496779787131053e-04,-4.303473e+00,4.935980e-01,4.935981e-01
1.496805857420839e-04,-4.406533e+00,4.935424e-01,4.935424e-01
1.496942885310504e-04,-4.445301e+00,4.932444e-01,4.932444e-01
1.497079913200170e-04,-4.476384e+00,4.929457e-01,4.929457e-01
1.497216941089836e-04,-4.499782e+00,4.926465e-01,4.926465e-01
1.497353968979501e-04,-4.515496e+00,4.923466e-01,4.923466e-01
1.497490996869167e-04,-4.523525e+00,4.920460e-01,4.920460e-01
1.497628024758832e-04,-4.523869e+00,4.917449e-01,4.917449e-01
1.497765052648498e-04,-4.516529e+00,4.914432e-01,4.914432e-01
1.499995052648292e-04,-4.520898e+00,4.865389e-01,4.865389e-01
1.500000000000002e-04,-4.520896e+00,4.865280e-01,4.865280e-01
